article_id,Author,Gender
1,Грабарь,м
2,Грацианский,м
3,Косминский,м
4,Люблинская,ж
5,Мосина,ж
6,Неусыхин,м
7,Полянский,м
8,Поршнев,м
9,Радциг,м
10,Редколлегия,—
11,Семенов,м
12,Сказкин,м
13,Смирин,м
14,Архангельский,м
15,Бахрушин,м
16,Виппер,м
17,Виппер,м
18,Грабарь,м
19,Граменицкий,м
20,Грацианский,м
21,Греков,м
22,Коган-Бернштейн,ж
23,Косминский,м
24,Косминский,м
25,Крушинская,ж
26,Лавровский,м
27,Машкин,м
28,Михаловская,ж
29,Неусыхин,м
30,Неусыхин,м
31,Поршнев,м
32,Радциг,м
33,Рогинская,ж
34,Семенов,м
35,Смирин,м
36,Стоклицкая-Терешкович,ж
37,Фортунатов,м
38,Абрамсон,ж
39,Архангельский,м
40,Гутнова,ж
41,Коробочко,м
42,Левицкий,м
43,Поршнев,м
44,Редколлегия,—
45,Сидорова,ж
46,Смирин,м
47,Стоклицкая-Терешкович,ж
48,Удальцова,ж
49,Чистозвонов,м
50,Асиновская,ж
51,Барг,м
52,Гуревич,м
53,Гутнова,ж
54,Корсунский,м
55,Мосина,ж
56,Неусыхин,м
57,Редколлегия,—
58,Рутенбург,м
59,Сапрыкин,м
60,Семенов,м
61,Сидорова,ж
62,Чистозвонов,м
63,Абрамсон,ж
64,Асиновская,ж
65,Барг,м
66,Бортник,м
67,Ермолаев,м
68,Луизова,ж
69,Неусыхин,м
70,Самохина,ж
71,Сапрыкин,м
72,Сказкин,м
73,Соколов,м
74,Стоклицкая-Терешкович,ж
75,Чистозвонов,м
76,Авдеева,ж
77,Архангельский,м
78,Баткин,м
79,Бороздин,м
80,Воронова,ж
81,Данилов,м
82,Кан,м
83,Котельникова,ж
84,Левен,м
85,Лесохина,ж
86,Неусыхин,м
87,Осинова,ж
88,Павлушкова,ж
89,Похилевич,м
90,Редколлегия,—
91,Рутенбург,м
92,Семенов,м
93,Соколова,ж
94,Чистозвонов,м
95,Брагина,ж
96,Бушмакин,м
97,Гордеев,м
98,Гуревич,м
99,Заборов,м
100,Карасс,ж
101,Керов,м
102,Лесников,м
103,Мещерякова,ж
104,Мильская,ж
105,Молдавская,ж
106,Покровская,ж
107,Соколов,м
108,Стародубец,?
109,Фролова,ж
110,Хилтон,м
111,Барг,м
112,Гуревич,м
113,Гутнова,ж
114,Гутнова,ж
115,Данилов,м
116,Заборов,м
117,Коган-Бернштейн,ж
118,Лавровский,м
119,Левицкий,м
120,Литаврин,м
121,Лозинский,м
122,Майер,м
123,Неусыхин,м
124,Поршнев,м
125,Редколлегия,—
126,Ролова,ж
127,Сапрыкин,м
128,Серовайский,м
129,Сидорова,ж
130,Сказкин,м
131,Смирин,м
132,Смирин,м
133,Татаринова,ж
134,Удальцова,ж
135,Чистозвонов,м
136,Бессмертный,м
137,Бортник,м
138,Гольдшмидт,ж
139,Громыко,ж
140,Гутнова,ж
141,Конокотин,м
142,Корсунский,м
143,Котельникова,ж
144,Молдавская,ж
145,Эпштейн,м
146,Барг,м
147,Гуревич,м
148,Гутнова,ж
149,Данилов,м
150,Кан,м
151,Колесницкий,м
152,Сапрыкин,м
153,Сидорова,ж
154,Барг,м
155,Баткин,м
156,Бернадская,ж
157,Бессмертный,м
158,Гуревич,м
159,"Киселева, Люблинская",—
160,Рыськин,м
161,Сказкин,м
162,Брагина,ж
163,"Воронова, Гурари, Люблинская",—
164,Гутнова,ж
165,Соколова,ж
166,Червонная,ж
167,Шевеленко,м
168,Авдеева,ж
169,Барг,м
170,Вебер,м
171,"Воронова, Гурари, Люблинская",—
172,Кириллова,ж
173,Неусыхин,м
174,Пичугина,ж
175,Редколлегия,—
176,Редколлегия,—
177,Бернадская,ж
178,Заборов,м
179,Молдавская,ж
180,Серовайский,м
181,Тимофеева,ж
182,Чиколини,ж
183,Корсунский,м
184,Мещерякова,ж
185,Редколлегия,—
186,Романова,ж
187,Соколов,м
188,Баткин,м
189,Горбачёва,ж
190,Гуревич,м
191,Котельникова,ж
192,Сидорова,ж
193,Чистозвонов,м
194,Асиновская,ж
195,Баткин,м
196,Бессмертный,м
197,Бушмакин,м
198,Громыко,ж
199,Гутнова,ж
200,Данилов,м
201,Жаботинская,ж
202,Каждан,м
203,Конрад,м
204,Косминский,м
205,Котельникова,ж
206,Лавровский,м
207,Мейман,м
208,Неусыхин,м
209,Редколлегия,—
210,Самойло,м
211,Сапрыкин,м
212,Сидорова,ж
213,Смирин,м
214,Чиколини,ж
215,Чистозвонов,м
216,Вайнштейн,м
217,Гуревич,м
218,Гутнова,ж
219,Гутнова,ж
220,Данилов,м
221,Колесницкий,м
222,"Неусыхин, Данилов",—
223,Редколлегия,—
224,Самойло,м
225,Сапрыкин,м
226,Сказкин,м
227,А.Ш.,—
228,Альзон,м
229,Барг,м
230,Бортник,м
231,В.Е.,—
232,Воронова,ж
233,Гольман,м
234,Заборов,м
235,Корсунский,м
236,Литаврина,ж
237,Люблинская,ж
238,Ревякина,ж
239,Романова,ж
240,Сванидзе,ж
241,Соколова,ж
242,Чайковская,ж
243,Чистозвонов,м
244,Чуркина,ж
245,Энгельс,м
246,Баткин,м
247,Виттман,м
248,Гуревич,м
249,Гутнова,ж
250,Денисова,ж
251,Колесницкий,м
252,Майер,м
253,Мандру,м
254,"Мацурек, Клима",—
255,Редколлегия,—
256,Смирин,м
257,Хорошкевич,ж
258,Авдеева,ж
259,Дорошенко,м
260,Жаботинская,ж
261,Карасс,ж
262,Кёдиц,ж
263,Кузнецов,м
264,Мацек,м
265,Молдавская,ж
266,Неусыхин,м
267,Пичугина,ж
268,Похилевич,м
269,Привалова,ж
270,Ревуненкова,ж
271,Редколлегия,—
272,Сидорова,ж
273,Смирин,м
274,Барг,м
275,Брагина,ж
276,Володарский,м
277,Воронова,ж
278,Гуревич,м
279,Карасс,ж
280,Кауфман,?
281,Кёдиц,ж
282,Люблинская,ж
283,Майкова,ж
284,Мацек,м
285,Мещерякова,ж
286,Сванидзе,ж
287,Фрейденберг,м
288,Фролова,ж
289,Фролова,ж
290,Фрязинов,м
291,Чистозвонов,м
292,Шевеленко,м
293,Эрбштёссер,м
294,Редколлегия,—
295,Бессмертный,м
296,Заборов,м
297,Зингер Я.С.,?
298,Коваль,м
299,Колесницкий,м
300,Корсунский,м
301,Лаптин,м
302,Наумов,м
303,Неусыхин,м
304,Раскина,ж
305,Редколлегия,—
306,Ролова,ж
307,Романова,ж
308,Рыськин,м
309,Сапрыкин,м
310,Сидорова,ж
311,Чистозвонов,м
312,Бессмертный,м
313,Вельгош,м
314,Володарский,м
315,Грох,м
316,Гуревич,м
317,Данилов,м
318,Котельникова,ж
319,Люблинская,ж
320,Полишенский,м
321,Сванидзе,ж
322,Смирин,м
323,Хоментовская,ж
324,Ястребицкая,ж
325,"Асиновская,",—
326,Бессмертный,м
327,Вайнштейн,м
328,Вернер,м
329,Гутнова,ж
330,Заборов,м
331,Клибанов,м
332,Корсунский,м
333,Котельникова,ж
334,Котельникова,ж
335,"Люблинская, Гутнова, Левицкий",—
336,Неусыхин,м
337,Рамм,м
338,Рутенбург,м
339,Сапрыкин,м
340,Сванидзе,ж
341,Семенов,м
342,Смирин,м
343,Стам,м
344,Тихомиров,м
345,Черепнин,м
346,А.С.,—
347,Бессмертный,м
348,Володарский,м
349,Гуревич,м
350,Гутнова,ж
351,Жаботинская,ж
352,Киселева,ж
353,Ковалевский,м
354,Коллектив авторов,—
355,Кононенко,ж
356,Майер,м
357,Редколлегия,—
358,Соколова,ж
359,Флоря,м
360,Беркович,м
361,Бессмертный,м
362,Доннерт,м
363,Керов,м
364,Киселева,ж
365,Котельникова,ж
366,Люблинская,ж
367,Майер,м
368,Малов,м
369,Редколлегия,—
370,Сванидзе,ж
371,Фрейденберг,м
372,Шевкина,ж
373,Абрамсон,ж
374,Асиновская,ж
375,Бензинг,м
376,Бессмертный,м
377,Брагина,ж
378,"Брагина, Ревякина",—
379,Володарский,м
380,Заборов,м
381,Иванов,м
382,Катушкина,ж
383,Конокотин,м
384,Котельникова,ж
385,Майер,м
386,Немилов,м
387,Первухин,м
388,Пичугина,ж
389,Рамм,м
390,Рутенбург,м
391,Сванидзе,ж
392,Серовайский,м
393,Чиколини,ж
394,Шинделарж,м
395,Штерн,м
396,А.С.,—
397,Воронова,ж
398,Воронова,ж
399,Гутнова,ж
400,Гутнова,ж
401,Денисова,ж
402,Катушкина,ж
403,Конокотин,м
404,Лаптин,м
405,Люблинская,ж
406,Люблинская,ж
407,Малов,м
408,Мурьянов,м
409,Неретина,ж
410,Рамм,м
411,Романова,ж
412,Серовайский,м
413,Смирин,м
414,Ульянов,м
415,Шаскольский,м
416,Шинделарж,м
417,Беркович,м
418,Бернадская,ж
419,Бессмертный,м
420,Вайнштейн,м
421,Гуревич,м
422,Гутнова,ж
423,Котельникова,ж
424,Кузнецов,м
425,Левицкий,м
426,Мильская,ж
427,Нейберт,м
428,Неусыхин,м
429,Осипова,ж
430,Ревуненкова,ж
431,Самаркин,м
432,Сванидзе,ж
433,Ульянов,м
434,Фризман,м
435,Абрамсон,ж
436,Брагина,ж
437,Володарский,м
438,Гуревич,м
439,Гуревич,м
440,Жуков,м
441,Коллектив авторов,—
442,Коллектив авторов,—
443,Коллектив авторов,—
444,Коллектив авторов,—
445,Коллектив авторов,—
446,Корсунский,м
447,Кузнецов,м
448,Люблинская,ж
449,Мещерякова,ж
450,Неусыхин,м
451,Пах,м
452,Первухин,м
453,Редколлегия,—
454,Сванидзе,ж
455,Смирин,м
456,Сюзюмов,м
457,Удальцова,ж
458,Ульянов,м
459,Чистозвонов,м
460,Абрамсон,ж
461,Барг,м
462,Бортник,м
463,Данилов,м
464,Каждан,м
465,Кириллова,ж
466,Коган-Бернштейн,ж
467,Колесницкий,м
468,Корсунский,м
469,Котельникова,ж
470,Левицкий,м
471,Осипова,ж
472,Рутенбург,м
473,Рутенбург,м
474,Самаркин,м
475,Сванидзе,ж
476,Серовайский,м
477,Сказкин,м
478,Соколова,ж
479,Стам,м
480,Удальцова,ж
481,Черепнин,м
482,Эпштейн,м
483,Басовская,ж
484,Бессмертный,м
485,Горфункель,м
486,Гуревич,м
487,Иванов,м
488,Каменецкий,м
489,Кириллова,ж
490,Ковалевский,м
491,Коробков,м
492,Лозинский,м
493,Люблинская,ж
494,Малов,м
495,Молдавская,ж
496,Осиновский,м
497,Осипова,ж
498,Редколлегия,—
499,Редколлегия,—
500,Рослановский,м
501,Самаркин,м
502,Сапрыкин,м
503,Серовайский,м
504,Соколова,ж
505,Червонная,ж
506,Чистозвонов,м
507,Баткин,м
508,Бессмертный,м
509,Брагина,ж
510,Горфункель,м
511,Гутнова,ж
512,Жуков,м
513,Лозинский,м
514,Люблинская,ж
515,Майер,м
516,Пашуто,м
517,Пекарчик,м
518,Редколлегия,—
519,Рослановский,м
520,Рутенбург,м
521,Сапрыкин,м
522,Сказкин,м
523,Стам,м
524,Тверитинова,ж
525,Удальцова,ж
526,Ульянов,м
527,Червонная,ж
528,Черепнин,м
529,Чистозвонов,м
530,Шаркова,ж
531,Шульц,м
532,"Бернадская, Воронова",—
533,"Бессмертный, Малов",—
534,Венкстерн,ж
535,Горфункель,м
536,Гутнова,ж
537,Демень,м
538,Ковалевский,м
539,Молдавская,ж
540,Москаленко,м
541,Райцес,м
542,Рутенбург,м
543,Сванидзе,ж
544,Серовайский,м
545,Смиренская,ж
546,Ульянов,м
547,Червонная,ж
548,Шаркова,ж
549,Бачкай,ж
550,Беляев,м
551,Беркович,м
552,Горфункель,м
553,Каменецкий,м
554,Ковалевский,м
555,Конотокин,м
556,Котельникова,ж
557,Раскина,ж
558,Ревякина,ж
559,Флоря,м
560,Чистозвонов,м
561,Шульц,м
562,Авдеева,ж
563,Басовская,ж
564,Гуревич,м
565,Коган,м
566,Котельникова,ж
567,Лозинский,м
568,Москаленко,м
569,Писарев,м
570,Редколлегия,—
571,Редколлегия,—
572,Репина,ж
573,Ролова,ж
574,Савина,ж
575,Сванидзе,ж
576,Смирин,м
577,Удальцова,ж
578,Уколова,ж
579,Чистозвонов,м
580,Чистозвонов,м
581,Беляев,м
582,Венкстерн,ж
583,Гуревич,м
584,Гутнова,ж
585,"Гутнова, Осипова",—
586,Карев,м
587,Карева,ж
588,Ковалевский,м
589,Котельникова,ж
590,Котельникова,ж
591,Люблинская,ж
592,Мильская,ж
593,Могильницкий,м
594,Могильницкий,м
595,Некрасов,м
596,Павлова,ж
597,Репина,ж
598,Рутенбург,м
599,Рутенбург,м
600,Самаркин,м
601,Сапрыкин,м
602,Стам,м
603,Ульянов,м
604,Чиколини,ж
605,Чистозвонов,м
606,Чистозвонов,м
607,Чистозвонов,м
608,Авдеева,ж
609,Бессмертный,м
610,Бессмертный,м
611,Богодарова,ж
612,Денисенко,м
613,Каштанов,м
614,Конотокин,м
615,Котельникова,ж
616,Могильницкий,м
617,Некрасов,м
618,Парсамов,м
619,Редколлегия,—
620,Редколлегия,—
621,Сванидзе,ж
622,Серовайская,ж
623,Смирин,м
624,Смирин,м
625,Чистозвонов,м
626,Чистозвонов,м
627,Абрамсон,ж
628,Авдеева,ж
629,Барг,м
630,Денисенко,м
631,Каменецкий,м
632,Котельникова,ж
633,Люблинская,ж
634,Мильская,ж
635,Могильницкий,м
636,Москаленко,м
637,Парсамов,м
638,Редколлегия,—
639,Репина,ж
640,Савина,ж
641,Сванидзе,ж
642,Серовайский,м
643,Удальцова,ж
644,Штекли,м
645,Эльфонд,ж
646,Авдеева,ж
647,Гутнова,ж
648,Дворецкая,ж
649,Колесницкий,м
650,Мильская,ж
651,Некрасов,м
652,Первухин,м
653,Ролова,ж
654,Савина,ж
655,Смоленский,м
656,Фараджева,ж
657,Чистозвонов,м
658,Штекли,м
659,Бычкова,ж
660,Варьяш,ж
661,Гутнова,ж
662,Гутнова,ж
663,Ельчанинов,м
664,Коллектив авторов,—
665,Кочергин,м
666,Мильская,ж
667,Павулан,м
668,Пичугина,ж
669,Ролова,ж
670,Смоленский,м
671,Таценко,ж
672,Ульянов,м
673,Фрейденберг,м
674,Фролова,ж
675,Хачатурян,ж
676,Чистозвонов,м
677,Шакина,ж
678,Юсим,м
679,Барашкова,ж
680,Бессмертный,м
681,Варьяш,ж
682,Варьяш,ж
683,Воробьёва,ж
684,Данилов,м
685,Иванов,м
686,Каменецкий,м
687,Кёрнер,м
688,Кудрявцев,м
689,Мажуга,м
690,Могильницкий,м
691,Москаленко,м
692,Осипова,ж
693,Писарев,м
694,Редколлегия,—
695,Ролова,ж
696,Савина,ж
697,Серовайская,ж
698,Серовайский,м
699,Ульянов,м
700,Ускова,ж
701,Филиппов,м
702,Фрейденберг,м
703,Фролова,ж
704,Хлодовский,м
705,Черняк,м
706,Ястребицкая,ж
707,Авдеева,ж
708,Бессмертный,м
709,Брагина,ж
710,Девятайкина,ж
711,Корсунский,м
712,Котельникова,ж
713,Котельникова,ж
714,Кудрявцев,м
715,Курбатов,м
716,Маркова,ж
717,Мильская,ж
718,Мильская,ж
719,Могильницкий,м
720,Редколлегия,—
721,Репина,ж
722,Савина,ж
723,Серовайская,ж
724,Уваров,м
725,Ускова,ж
726,Фролова,ж
727,Шаркова,ж
728,Шаркова,ж
729,Басовская,ж
730,Богодарова,ж
731,Брагина,ж
732,Варьяш,ж
733,Варьяш,ж
734,Гутнова,ж
735,Гутнова,ж
736,Девятайкина,ж
737,Иванов,м
738,Каплюк,м
739,Кирсанова,ж
740,Ковалевский,м
741,Кюттлер,м
742,Мильская,ж
743,Редколлегия,—
744,Редколлегия,—
745,Редколлегия,—
746,Редколлегия,—
747,Сванидзе,ж
748,Смоленский,м
749,Федорова,ж
750,Фролова,ж
751,Хачатурян,ж
752,Чистозвонов,м
753,Шишлонова,ж
754,Эггерт,м
755,А.Н.,—
756,Бернадская,ж
757,Буданова,ж
758,Варьяш,ж
759,Горфункель,м
760,Григорьева,ж
761,Гутнова,ж
762,Гутнова,ж
763,Ковалевский,м
764,Котельникова,ж
765,Кудрявцев,м
766,Кудрявцев,м
767,Могильницкий,м
768,Москаленко,м
769,Москаленко,м
770,Редколлегия,—
771,Ролова,ж
772,Ронин,м
773,Савина,ж
774,Уколова,ж
775,Фролова,ж
776,Червонов,м
777,Чистозвонов,м
778,Шаркова,ж
779,Юсим,м
780,Бернадская,ж
781,Бессмертный,м
782,Блонин,м
783,Брагина,ж
784,Грязева,ж
785,Гусарова,ж
786,Гутнова,ж
787,Евдокимова,ж
788,Котельникова,ж
789,Кудрявцев,м
790,Мильская,ж
791,Мильская,ж
792,Некрасов,м
793,Осипова,ж
794,Плешкова,ж
795,Сванидзе,ж
796,Уколова,ж
797,Федорова,ж
798,Хлодовский,м
799,Чиколини,ж
800,Чистозвонов,м
801,Штекли,м
802,Штекли,м
803,Абрамсон,ж
804,Басовская,ж
805,Бернадская,ж
806,Бессмертный,м
807,Варьяш,ж
808,Герцман,м
809,Денисенко,м
810,Колесницкий,м
811,Котельникова,ж
812,Кудрявцев,м
813,Левин,м
814,Леонова,ж
815,Малинин,м
816,Малов,м
817,Мильская,ж
818,Молдавская,ж
819,Осипова,ж
820,"Павуланс, Ролова",—
821,Серовайский,м
822,Уколова,ж
823,Уколова,ж
824,Чиколини,ж
825,Чиколини,ж
826,Чистозвонов,м
827,Бессмертный,м
828,Бойцов,м
829,Варьяш,ж
830,Горский,м
831,Гутнова,ж
832,Гутнова,ж
833,Котельникова,ж
834,Котельникова,ж
835,Кудрявцев,м
836,Логутова,ж
837,Луковцева,ж
838,Павлова,ж
839,Ревякина,ж
840,Редколлегия,—
841,Ронин,м
842,Серовайская,ж
843,Ульянов,м
844,Черных,м
845,Чиколини,ж
846,Штекли,м
847,Юсим,м
848,Бессмертный,м
849,Гутнова,ж
850,Гутнова,ж
851,Жумагулов,м
852,Заборов,м
853,Котельникова,ж
854,Мильская,ж
855,Осипова,ж
856,Ролова,ж
857,Рутенбург,м
858,Сванидзе,ж
859,Серовайский,м
860,Уваров,м
861,Уколова,ж
862,Ульянов,м
863,Хачатурян,ж
864,Чиколини,ж
865,Чистозвонов,м
866,Чудинов,м
867,Штекли,м
868,А.Я.,—
869,А.Я.,—
870,Абрамсон,ж
871,Басовская,ж
872,Безрогов,м
873,Бессмертный,м
874,Блонин,м
875,Богодарова,ж
876,Варьяш,ж
877,Ведюшкин,м
878,Гусакова,ж
879,Денисенко,м
880,Егорова,ж
881,Елина,ж
882,Коган,м
883,Корсакова,ж
884,Лучицкая,ж
885,Мильская,ж
886,Мироненко,ж
887,Пичугина,ж
888,Пичугина,ж
889,Попова,ж
890,Редколлегия,—
891,Редколлегия,—
892,Сванидзе,ж
893,Серовайский,м
894,Уваров,м
895,Филиппов,м
896,Фролова,ж
897,Цатурова,ж
898,Ястребицкая,ж
899,Басовская,ж
900,Близнюк,ж
901,Блонин,м
902,Богодарова,ж
903,Бойцов,м
904,Буданова,ж
905,Генералова,ж
906,Гутнова,ж
907,Егорова,ж
908,Ефимова,ж
909,Каняшин,м
910,Круш,м
911,Кудрявцев,м
912,Кучумов,м
913,Мельникова,ж
914,Назаренко,м
915,Редколлегия,—
916,Ролова,ж
917,Сванидзе,ж
918,Сергеева,ж
919,Уваров,м
920,Фролова,ж
921,Черных,м
922,Черных,м
923,Черных,м
924,Чиколини,ж
925,Чистозвонов,м
926,Шушарин,м
927,Басовская,ж
928,Брагина,ж
929,Варьяш,ж
930,Варьяш,ж
931,Варьяш,ж
932,Винокурова,ж
933,Винокурова,ж
934,Винокурова,ж
935,Винокурова,ж
936,Голубцова,ж
937,Гутнова,ж
938,Дрбоглав,м
939,Лебедева,ж
940,Мельникова,ж
941,Пушкарёва,ж
942,Репина,ж
943,Ролова,ж
944,"С.Л., П.Г.",—
945,Сванидзе,ж
946,Сыч,м
947,Тушина,ж
948,Уваров,м
949,Федосов,м
950,Хачатурян,ж
951,Черных,м
952,Шарова,ж
953,Шушарин,м
954,Юсим,м
955,Юсим,м
956,"Алтухова, Цатурова",—
957,Гуревич,м
958,Домнина,ж
959,Каганович,м
960,Казбекова,ж
961,Кобрин,м
962,Мереминский,м
963,Подаляк,ж
964,Редколлегия,—
965,Редколлегия,—
966,Рексрот,м
967,Решин,м
968,Сидоров,м
969,Сидорова,ж
970,Симеон Даремский,м
971,"Уваров, Цатурова",—
972,Хатунов,м
973,Щеглов,м
974,Щеглов,м
975,Берелович,м
976,Бобкова,ж
977,Горский,м
978,Дубровский,м
979,Дубровский,м
980,Кирьянова,ж
981,Кирьянова,ж
982,Ощепкова,ж
983,Рыбаков,м
984,Уваров,м
985,Филиппов,м
986,Чеснокова,ж
987,Вин,м
988,Гладков,м
989,Ким,м
990,Кириллова,ж
991,Королев,м
992,Костырев,м
993,Опарина,ж
994,Ощепкова,ж
995,Подаляк,ж
996,Редколлегия,—
997,Редколлегия,—
998,Редколлегия,—
999,Рыбина,ж
1000,Сысоева,ж
1001,Тогоева,ж
1002,Тюленев,м
1003,Черных,м
1004,Анисимова,ж
1005,Дубровский,м
1006,Искьердо,м
1007,Креленко,ж
1008,Кривушин,м
1009,Михайлова,ж
1010,Морленд,м
1011,Мурашева,ж
1012,Рыбина,ж
1013,Уваров,м
1014,Хачатурян,ж
1015,Хачатурян,ж
1016,Цатурова,ж
1017,Чернов,м
1018,Юсим,м
1019,Дубровский,м
1020,Касатов,м
1021,Крылова,ж
1022,Лазарев,м
1023,Лекюппр-Дежарден,ж
1024,Редькова,ж
1025,"Сванидзе, редколлегия",—
1026,Сидоров,м
1027,Уваров,м
1028,Уваров,м
1029,Афанасьев,м
1030,Бартелеми,м
1031,Бибиков,м
1032,Вин,м
1033,Гимон,м
1034,Домнина,ж
1035,Дубровский,м
1036,Дунаев,м
1037,Каняшин,м
1038,Лоренс-Мейзерс,ж
1039,Мякшин,м
1040,Редколлегия,—
1041,Редколлегия,—
1042,Серёгина,ж
1043,Софронова,ж
1044,Ткаченко,м
1045,Уваров,м
1046,Феллер,ж
1047,Флоря,м
1048,Шатохина-Мордвинцева,ж
1049,Алтухова,ж
1050,Афанасьев,м
1051,Блохин,м
1052,Бродель,м
1053,Воронцова,ж
1054,Домнина,ж
1055,Ефремова,ж
1056,"Ивонин, Артеменков",—
1057,Карначук,ж
1058,Кирьянова,ж
1059,Лазарев,м
1060,Лукин,м
1061,Мандру,м
1062,Мейерсон,м
1063,Морсель,м
1064,Панфилов,м
1065,Редколлегия,—
1066,Сванидзе,ж
1067,Сидрак,м
1068,Смэйл,м
1069,Уваров,м
1070,Уваров,м
1071,Филиппов,м
1072,Цатурова,ж
1073,"Циватный, Дятлов, Дёмин",—
1074,Шамаро,м
1075,Шишкин,м
1076,Алтухова,ж
1077,Ангар,м
1078,Андронов,м
1079,Арнаутова,ж
1080,Васютин,м
1081,Воробьёва,ж
1082,Девятайкина,ж
1083,Домнина,ж
1084,Кирьянова,ж
1085,Крадин,м
1086,Лебедева,ж
1087,Маттеони,м
1088,Попова,ж
1089,Праздников,м
1090,Редколлегия,—
1091,Редколлегия,—
1092,Рыбаков,м
1093,Сидоров,м
1094,Скрынникова,ж
1095,Уваров,м
1096,Феллер,ж
1097,Хачатурян,ж
1098,Альвацци,м
1099,Берелович,м
1100,Брагина,ж
1101,Зеленина,ж
1102,Крылова,ж
1103,Ноздрин,м
1104,Опарина,ж
1105,Ощепкова,ж
1106,Редколлегия,—
1107,Руденко,ж
1108,Рязанов,м
1109,Селин,м
1110,Скобелкин,м
1111,Соломонов,м
1112,Стефанович,м
1113,Татаренко,ж
1114,Толстиков,м
1115,Тюменцев,м
1116,Уваров,м
1117,Флоря,м
1118,Шамаро,м
1119,Щавелев,м
1120,Акопян,м
1121,Асейнов,м
1122,Бароне,ж
1123,Басовская,ж
1124,Виноградов,м
1125,Воскобойников,м
1126,Глебов,м
1127,Дятлов,м
1128,Карпов,м
1129,Кравченко,м
1130,Крылова,ж
1131,Кудрявцев,м
1132,Курышева,ж
1133,Кущ,ж
1134,Ломакин,м
1135,Окунева,ж
1136,Редколлегия,—
1137,Редькова,ж
1138,Рыбаков,м
1139,Серегина,ж
1140,Таценко,ж
1141,Уваров,м
1142,Хусаинов,м
1143,Цатурова,ж
1144,Чернова,ж
1145,Бергер,ж
1146,Бобкова,ж
1147,Бусыгин,м
1148,Варьяш,ж
1149,Гусакова,ж
1150,Гусарова,ж
1151,Дудэ,ж
1152,Ефремова,ж
1153,Земляков,м
1154,Касатов,м
1155,Кондратьев,м
1156,Коннелл,м
1157,Лошкарева,ж
1158,Лучицкая,ж
1159,Малов,м
1160,Мереминский,м
1161,Никольский,м
1162,Редколлегия,—
1163,Ривчак,м
1164,Рязанов,м
1165,Самоходская,ж
1166,Сванидзе,ж
1167,Сидоров,м
1168,Уваров,м
1169,Ульмар,ж
1170,Черных,м
1171,"Алтухова, Уваров",—
1172,Анисимова,ж
1173,Бицилли,м
1174,Выбирал,м
1175,Галчева,ж
1176,Гусарова,ж
1177,Добрынина,ж
1178,Захаров,м
1179,Кириллова,ж
1180,Мартышева,ж
1181,Попова,ж
1182,Рыбаков,м
1183,Рябова,ж
1184,Рябова,ж
1185,Рязанов,м
1186,Серегина,ж
1187,Таубер,м
1188,Уваров,м
1189,Флоря,м
1190,Цатурова,ж
1191,Александрова,ж
1192,Анисимова,ж
1193,Арендт,м
1194,"Асейнов, Носова",—
1195,Ауров,м
1196,Белан,м
1197,Бойцов,м
1198,Габдрахманов,м
1199,Глебов,м
1200,Золотарев,м
1201,Игина,ж
1202,Казбекова,ж
1203,Калмыкова,ж
1204,Коновалова,ж
1205,Майзлиш,ж
1206,Майзлиш,ж
1207,Попова,ж
1208,Самсонова,ж
1209,Солодовникова,ж
1210,Уваров,м
1211,Уваров,м
1212,Цатурова,ж
1213,Цатурова,ж
1214,Черных,м
1215,Юсим,м
1216,Алтухова,ж
1217,Антощенко,м
1218,Бобкова,ж
1219,Бондаренко,м
1220,Дубровский,м
1221,Еманов,м
1222,Захаров,м
1223,Земляков,м
1224,Извеков,м
1225,Караваева,ж
1226,Караулова,ж
1227,Кудрявцев,м
1228,Осипян,м
1229,Прокопьев,м
1230,Редколлегия,—
1231,Редколлегия,—
1232,Русанов,м
1233,Рыбаков,м
1234,Рыбаков,м
1235,Рыбина,ж
1236,Рязанов,м
1237,Сидорова,ж
1238,Таубер,м
1239,Таценко,ж
1240,Филиппов,м
1241,Яценко,ж
1242,Анисимова,ж
1243,Ануфриева,ж
1244,Асейнов,м
1245,Бергер,ж
1246,Блокманс,м
1247,Бойцов,м
1248,Ведюшкин,м
1249,Гревс,м
1250,Калмыкова,ж
1251,Клюев,м
1252,Конявская,ж
1253,Крылова,ж
1254,Кудрявцев,м
1255,Курышева,ж
1256,Лапшина,ж
1257,Маркова,ж
1258,Мельникова,ж
1259,Потехина,ж
1260,Редколлегия,—
1261,Редколлегия,—
1262,Репина,ж
1263,Рылько,ж
1264,Рябова,ж
1265,Самотовинский,м
1266,Сидоров,м
1267,Филиппов,м
1268,Цатурова,ж
1269,Шамаро,м
1270,Бельцер,м
1271,Бойцов,м
1272,Винокурова,ж
1273,Гузенкова,ж
1274,Долгополов,м
1275,Каганович,м
1276,Климанов,м
1277,Курышева,ж
1278,"Носова, Майзлиш",—
1279,Осипян,м
1280,Рябова,ж
1281,Сергеев,м
1282,Сидоренко,м
1283,Сидоров,м
1284,Уваров,м
1285,Уваров,м
1286,Флоря,м
1287,Хачатурян,ж
1288,Шатохина-Мордвинцева,ж
1289,Шишкин,м
1290,Шукуров,м
1291,Ауров,м
1292,Варьяш,ж
1293,Долгополов,м
1294,Домнина,ж
1295,Земляков,м
1296,Казбекова,ж
1297,Каранчев,м
1298,"Коробов, Виноградов",—
1299,Назарьева,ж
1300,Окунева,ж
1301,Паламарчук,ж
1302,Полдников,м
1303,Попова,ж
1304,Потопаева,ж
1305,Русанов,м
1306,Симонова,ж
1307,Срединская,ж
1308,Срединская,ж
1309,Тогоева,ж
1310,Уваров,м
1311,Филиппов,м
1312,Хачатурян,ж
1313,Анисимова,ж
1314,Ануфриева,ж
1315,Асейнов,м
1316,Бовыкин,м
1317,"Гусарова, Захарова",—
1318,Еманов,м
1319,Каняшин,м
1320,Майзлиш,ж
1321,Носова,ж
1322,Перепечкин,м
1323,Редколлегия,—
1324,Редколлегия,—
1325,Рябова,ж
1326,"Савчук, Майорова",—
1327,Сидорова,ж
1328,Тилкес,ж
1329,Уваров,м
1330,Фёдоров,м
1331,Хачатурян,ж
1332,Яцык,ж
1333,Антониа,ж
1334,Бенито,м
1335,Варьяш,ж
1336,Вебер,м
1337,Винокурова,ж
1338,Вольфцун,ж
1339,Воскобойников,м
1340,Гусарова,ж
1341,Дмитриева,ж
1342,Захаров,м
1343,Зеленина,ж
1344,Кириллова,ж
1345,Кирюхин,м
1346,Королев,м
1347,Круш,м
1348,Кудрявцев,м
1349,Ладеро,м
1350,Масиель Санчес,м
1351,Наумов,м
1352,Потехина,ж
1353,Редколлегия,—
1354,Серегина,ж
1355,Уваров,м
1356,Уколова,ж
1357,Цатурова,ж
1358,Целунов,м
1359,Шишкин,м
1360,Александрова,ж
1361,"Бергер, Глянцев",—
1362,Блэк,м
1363,Борисов,м
1364,"Виноградов, Коробов",—
1365,Винокурова,ж
1366,Зверев,м
1367,Иванова,ж
1368,Каняшин,м
1369,Ключко,м
1370,Курышева,ж
1371,Ландина,ж
1372,Лучицкая,ж
1373,Наттон,ж
1374,Рыжова,ж
1375,Рябова,ж
1376,Рязанов,м
1377,Сафронова,ж
1378,Уваров,м
1379,Филиппов,м
1380,Черных,м
1381,Шишкин,м
1382,Акопян,м
1383,Алаев,м
1384,Бельцер,м
1385,Вебер,м
1386,Вин,м
1387,Винокурова,ж
1388,Винокурова,ж
1389,Галямичев,м
1390,Кириллова,ж
1391,Конюшихина,ж
1392,Кулланда,ж
1393,"Курышева, Фонкич",—
1394,"Попова, Анисимова",—
1395,Уваров,м
1396,Уваров,м
1397,Уваров,м
1398,"Федосов, Рыженков",—
1399,Филиппов,м
1400,Щавелев,м
1401,Юсим,м
1402,Бессуднова,ж
1403,"Виноградов, Коробов",—
1404,Лот,м
1405,Пакин,м
1406,Петрухина,ж
1407,Петрухина,ж
1408,Рыжова,ж
1409,Уваров,м
1410,Уваров,м
1411,Уханова,ж
1412,Алтухова,ж
1413,Анисимова,ж
1414,Болдырева,ж
1415,Винокурова,ж
1416,Карпов,м
1417,Лучицкая,ж
1418,Мастяева,ж
1419,Редколлегия,—
1420,Сафронова,ж
1421,Свешников,м
1422,Станков,м
1423,Станков,м
1424,Уваров,м
1425,Филиппов,м
1426,Флоря,м
1427,Целунов,м
1428,Шпирт,м
1429,Щеглов,м
1430,Винокурова,ж
1431,Давиденко,м
1432,Мереминский,м
1433,Нестерова,ж
1434,Потехина,ж
1435,Редколлегия,—
1436,Сидоров,м
1437,Уваров,м
1438,Уваров,м
1439,Уваров,м
1440,Федосов,м
1441,Цатурова,ж
1442,Юсим,м
1443,Александрова,ж
1444,Астахов,м
1445,Байдуж,м
1446,Бергер,ж
1447,Королев,м
1448,Ландина,ж
1449,Попова,ж
1450,Смирнова,ж
1451,Уваров,м
1452,Астахов,м
1453,Королев,м
1454,Лазарева,ж
1455,Литовских,ж
1456,Лукин,м
1457,Мереминский,м
1458,Омельченко,ж
1459,Савельер,ж
1460,Савельер,ж
1461,Срединская,ж
1462,Уваров,м
1463,Уваров,м
1464,Цатурова,ж
1465,Шингурова,ж
1466,Шингурова,ж
1467,Юсим,м
1468,Анисимова,ж
1469,Бароне,ж
1470,Винокурова,ж
1471,Лукин,м
1472,Лучицкая,ж
1473,Майзлиш,ж
1474,Опарина,ж
1475,Педро Куберо,м
1476,Петр Достопочтенный,м
1477,Сошникова,ж
1478,Уваров,м
1479,Щеглов,м
1480,Ануфриева,ж
1481,Голованенко,м
1482,Лучицкая,ж
1483,Митрофанов,м
1484,Наумов,м
1485,Николаев,м
1486,Платонов,м
1487,Савина,ж
1488,Селиванова,ж
1489,Сидорова,ж
1490,Уваров,м
1491,Федонников,м
1492,Филиппов,м
1493,Цатурова,ж
1494,Чиркова,ж
1495,Эйнар,м
1496,Бессуднова,ж
1497,"Вавочкина, Филиппов",—
1498,Вершинин,м
1499,Корсунский,м
1500,Савчук,м
1501,Сухино-Хоменко,м
1502,Таценко,ж
1503,Тогоева,ж
1504,Уваров,м
1505,Флоря,м
1506,Шарова,ж
1507,Щеглов,м
1508,Щеглов,м
1509,Щеглов,м
1510,Юсим,м
1511,Анисимова,ж
1512,Антощенко,м
1513,Антощенко,м
1514,Антощенко,м
1515,Ауров,м
1516,Ауров,м
1517,Бергер,ж
1518,Винокурова,ж
1519,Воробьев,м
1520,Воробьёва,ж
1521,Воскобойников,м
1522,Золотов,м
1523,Клюев,м
1524,Клюев,м
1525,Праздников,м
1526,Срединская,ж
1527,Уваров,м
1528,Уваров,м
1529,Фёдоров,м
1530,Филиппов,м
1531,Флоря,м
1532,Цатурова,ж
1533,Чернова,ж
1534,Щеглов,м
1535,Александрова,ж
1536,Бельцер,м
1537,Беляев,м
1538,Блохин,м
1539,Дыго,м
1540,Кириллова,ж
1541,Редколлегия,—
1542,Селарт,м
1543,Сидоров,м
1544,Уваров,м
1545,Федосов,м
1546,Филиппов,м
1547,Чхаидзе,м
1548,Анисимова,ж
1549,Долгополов,м
1550,Елохин,м
1551,"Клюев, Метель",—
1552,Николаев,м
1553,Сидоренко,м
1554,Уваров,м
1555,Цатурова,ж
1556,Шишкин,м
1557,Алтухова,ж
1558,Белякова,ж
1559,Борисов,м
1560,Гусакова,ж
1561,Ревякина,ж
1562,Редколлегия,—
1563,Сота,м
1564,Таценко,ж
1565,Уваров,м
1566,Усачев,м
1567,Флоря,м
1568,Черных,м
1569,Юсим,м
1570,Бароне,ж
1571,Добиаш-Рождественская,ж
1572,"Земляков, Селиванова",—
1573,Каганович,м
1574,Королев,м
1575,Лавровский,м
1576,Мажуга,м
1577,Мереминский,м
1578,Портных,м
1579,Редколлегия,—
1580,"Рязанов, Лошкарева",—
1581,Ткаченко,м
1582,Тюленев,м
1583,Уваров,м
1584,Ануфриева,ж
1585,Барбор,м
1586,Близнюк,ж
1587,Винокурова,ж
1588,Дмитриева,ж
1589,"Земляков, Селиванова",—
1590,Кириллова,ж
1591,Кудрявцев,м
1592,Уваров,м
1593,Федосов,м
1594,Филиппов,м
1595,Ченцова,ж
1596,Аникьев,м
1597,Бибиков,м
1598,Бибиков,м
1599,Дубровский,м
1600,Калмыкова,ж
1601,Крафл,м
1602,Лучицкая,ж
1603,Прокопьев,м
1604,Редколлегия,—
1605,Русанов,м
1606,Таценко,ж
1607,Уваров,м
1608,Уваров,м
1609,Цатурова,ж
1610,Шпирт,м
1611,Юсим,м
1612,Бедос-Резак,ж
1613,Бельцер,м
1614,Бычков,м
1615,Винокурова,ж
1616,Галкова,ж
1617,"Ивонина, Иванова",—
1618,"Прокопьев, Савельев",—
1619,Рябов,м
1620,Рязанов,м
1621,Сидоров,м
1622,Софронов,м
1623,Уваров,м
1624,Филиппов,м
1625,Беляев,м
1626,Бергер,ж
1627,Близнюк,ж
1628,Боэтюо,м
1629,Ковалев,м
1630,Крылова,ж
1631,Литовских,ж
1632,Сошникова,ж
1633,Уваров,м
1634,Цатурова,ж
1635,Шишкин,м
1636,Барбор,м
1637,Бергер,ж
1638,Зарецкий,м
1639,Кирюхин,м
1640,Мастяева,ж
1641,Полехов,м
1642,Пономарева,ж
1643,Потехина,ж
1644,Серегина,ж
1645,Соколов,м
1646,Уваров,м
1647,Федосов,м
1648,Филиппов,м
1649,Флоря,м
1650,Анисимова,ж
1651,Винокурова,ж
1652,"Земляков, Ковалёв, Окунева",—
1653,"Земляков, Ковалёв, Окунева",—
1654,Королев,м
1655,Кузнецов,м
1656,"Кущ, Уваров",—
1657,Мажуга,м
1658,Полехов,м
1659,Редколлегия,—
1660,Редколлегия,—
1661,Рябова,ж
1662,"Тогоева, Серегина",—
1663,Уваров,м
1664,Цыпкина,ж
1665,Цыпкина,ж
